<root>
	<!-- MapForce macros for XBRL processing -->

	<!-- input for dimension member selections: context, dimension -->

	<buildLambdaForExplicitMember>
		<lambda label="bodyExplicitMember">
			<bound-vars>
				<bv label="contextElement" type="node()"/>
			</bound-vars>
			<body>
				<for-each current="explicitMember">
					<in>
						<select ns="http://xbrl.org/2006/xbrldi" name="explicitMember" kind="element">
							<ref name="contextElement"/>
						</select>
					</in>
					<do>
						<if>
							<cond>
								<call ns="core" name="equal"> 
									<ref name="dimension"/>
									<call ns="core" name="first" type="QName"> 
										<for-each current="dimensionattr">
                      <in>
                        <treat minOccurs="1">
                          <select ns="" name="dimension" kind="attribute">
                            <ref name="explicitMember"/>
                          </select>
                        </treat>
                      </in>
											<do>
												<cast type="QName"><ref name="dimensionattr"/></cast>
											</do>
										</for-each>
									</call>
								</call>
							</cond>
							<then>
								<cast type="QName">
									<ref name="explicitMember"/>
								</cast>
							</then>
						</if>
					</do>
				</for-each>
			</body>
		</lambda>
		
		<lambda label="QNamesToStrings">
			<bound-vars>
				<bv label="QNames" type="ZeroOrMore QName"/>
			</bound-vars>
			<body>
				<for-each current="QName">
					<in>
						<ref name="QNames"/>
					</in>
					<do>
						<call ns="lang" name="QName-as-string">
							<ref name="QName"/>
						</call>
					</do>
				</for-each>
			</body>
		</lambda>
	</buildLambdaForExplicitMember>	

	<buildLambdaForTypedMember>
		<lambda label="bodyTypedMember">
			<bound-vars>
				<bv label="contextElement" type="node()"/>
			</bound-vars>
			<body>
				<for-each current="typedMember">
					<in>
						<select ns="http://xbrl.org/2006/xbrldi" name="typedMember" kind="element">
							<ref name="contextElement"/>
						</select>
					</in>
					<do>
						<if>
							<cond>
								<call ns="core" name="equal"> 
									<ref name="dimension"/>
									<call ns="core" name="first" type="QName"> 
										<for-each current="dimensionattr">
                      <in>
                        <treat minOccurs="1">
                          <select ns="" name="dimension" kind="attribute">
                            <ref name="typedMember"/>
                          </select>
                        </treat>
                      </in>
											<do>
												<cast type="QName"><ref name="dimensionattr"/></cast>
											</do>
										</for-each>
									</call>
								</call>
							</cond>
							<then>
								<for-each current="dimvaluenode"><in><select-children><ref name="typedMember"/></select-children></in>
									<do>
										<if>
											<cond><call ns="core" name="is-kind-element" type="boolean"><ref name="dimvaluenode"/></call></cond>
				                                                        <then><ref name="dimvaluenode"/></then>
										</if>
									</do>
								</for-each>
							</then>
						</if>
					</do>
				</for-each>
			</body>
		</lambda>
	</buildLambdaForTypedMember>	

	<selectExplicitMemberFromSegment>
		<for-each current="entity"><in><select ns="http://www.xbrl.org/2003/instance" name="entity"><ref name="context"/></select></in>
			<do>
				<for-each current="segment"><in><select ns="http://www.xbrl.org/2003/instance" name="segment"><ref name="entity"/></select></in>
					<do>
						<bind name="QNamesToStrings">
							<bind name="bodyExplicitMember">
								<ref name="segment"/>
							</bind>
						</bind>
					</do>
				</for-each>
			</do>
		</for-each>
	</selectExplicitMemberFromSegment>

	<selectExplicitMemberFromScenario>
		<for-each current="scenario"><in><select ns="http://www.xbrl.org/2003/instance" name="scenario"><ref name="context"/></select></in>
			<do>
				<bind name="QNamesToStrings">
					<bind name="bodyExplicitMember">
						<ref name="scenario"/>
					</bind>
				</bind>
			</do>
		</for-each>
	</selectExplicitMemberFromScenario>

	<selectTypedMemberFromSegment>
		<for-each current="entity"><in><select ns="http://www.xbrl.org/2003/instance" name="entity"><ref name="context"/></select></in>
			<do>
				<for-each current="segment"><in><select ns="http://www.xbrl.org/2003/instance" name="segment"><ref name="entity"/></select></in>
					<do>
						<bind name="bodyTypedMember">
							<ref name="segment"/>
						</bind>
					</do>
				</for-each>
			</do>
		</for-each>
	</selectTypedMemberFromSegment>

	<selectTypedMemberFromScenario>
		<for-each current="scenario"><in><select ns="http://www.xbrl.org/2003/instance" name="scenario"><ref name="context"/></select></in>
			<do>
				<bind name="bodyTypedMember">
					<ref name="scenario"/>
				</bind>
			</do>
		</for-each>
	</selectTypedMemberFromScenario>

	<selectPeriod>
		<select ns="http://www.xbrl.org/2003/instance" name="period"><ref name="context"/></select>
	</selectPeriod>

	<selectIdentifier>
		<for-each current="entity"><in><select ns="http://www.xbrl.org/2003/instance" name="entity"><ref name="context"/></select></in>
			<do>
				<select ns="http://www.xbrl.org/2003/instance" name="identifier"><ref name="entity"/></select>
			</do>
		</for-each>
	</selectIdentifier>

	<selectExplicitMemberByDimension>
		<bind name="bodyExplicitMember">
			<ref name="contextElement"/>
		</bind>
	</selectExplicitMemberByDimension>

	<selectTypedMemberByDimension>
		<bind name="bodyTypedMember">
			<ref name="contextElement"/>
		</bind>
	</selectTypedMemberByDimension>
	
	<substituteDefaultMember>
		<if>
			<cond>
				<call ns="core" name="exists">
					<ref name="value"/>
				</call>
			</cond>
			<then>
				<ref name="value"/>
			</then>
			<else>
				<ref name="default"/>
			</else>
		</if>
	</substituteDefaultMember>

	<IsRequiredDimensionMissing>
		<if>
			<cond>
				<call ns="core" name="logical-not">
					<call ns="core" name="exists">
						<ref name="member"/>
					</call>
				</call>		
			</cond>
			<then>
				<const value="true" type="boolean"/>
			</then>
		</if>
	</IsRequiredDimensionMissing>

	<!-- context filter for hypercube (input: context) -->
	<FilterContextForHypercube>
		<lambda label="HasAllRequiredDimensions">
			<bound-vars>
				<bv label="context2" type="node()"/>
			</bound-vars>
			<body>
				<call ns="core" name="logical-not">
					<call ns="core" name="exists">
						<bind name="RequiredDimensionMembers">
							<ref name="context2"/>
						</bind>
					</call>
				</call>
			</body>
		</lambda>

		<lambda label="HasUnexpectedDimensions">
			<bound-vars>
				<bv label="members" type="ZeroOrMore node()"/>
				<bv label="seqExpectedDimensions" type="ZeroOrMore QName"/>
			</bound-vars>
			<body>
				<call ns="core" name="exists">
					<for-each current="member"><in><ref name="members"/></in>
						<do>
							<!-- extract @dimension -->
							<expr label="foundQName">
								<call ns="core" name="first" type="QName"> 
									<for-each current="dimensionattr">
                    <in>
                      <treat minOccurs="1">
                        <select ns="" name="dimension" kind="attribute">
                          <ref name="member"/>
                        </select>
                      </treat>
                    </in>
										<do>
											<cast type="QName"><ref name="dimensionattr"/></cast>
										</do>
									</for-each>
								</call>
							</expr>

							<if>
								<cond>
									<call ns="core" name="exists">
										<for-each current="expectedQName"><in><ref name="seqExpectedDimensions"/></in>
											<do>
												<if>
													<cond>
														<!-- does the found dimension match an expected one? -->
														<call ns="core" name="equal">
															<ref name="expectedQName"/>
															<ref name="foundQName"/>
														</call>
													</cond>
													<then>
														<!-- yup -->
														<const value="true" type="boolean"/>
													</then>
												</if>
											</do>
										</for-each>
									</call>
								</cond>
								<else>
									<!-- unexpected dimension found, let the outermost exists return true -->
									<const value="true" type="boolean"/>
								</else>
							</if>
						</do>
					</for-each>
				</call>  			
			</body>
		</lambda>
	
		<lambda label="HasAnyUnexpectedDimensions">
			<bound-vars>
				<bv label="ctx" type="node()"/>
			</bound-vars>
			<body>
				<call ns="core" name="logical-or">
					<call ns="core" name="logical-or">
						<!-- explicit (segment) -->
						<bind name="HasUnexpectedDimensions">
							<for-each current="entity">
								<in><select ns="http://www.xbrl.org/2003/instance" name="entity"><ref name="ctx"/></select></in>
								<do>
									<for-each current="contextElement">
										<in><select ns="http://www.xbrl.org/2003/instance" name="segment"><ref name="entity"/></select></in>
										<do>
											<select ns="http://xbrl.org/2006/xbrldi" name="explicitMember"><ref name="contextElement"/></select>
										</do>
									</for-each>
								</do>
							</for-each>
							<ref name="ExpectedDimensionsForExplicitMemberSegment"/>
						</bind>
						<!-- typed (segment) -->
						<bind name="HasUnexpectedDimensions">
							<for-each current="entity">
								<in><select ns="http://www.xbrl.org/2003/instance" name="entity"><ref name="ctx"/></select></in>
								<do>
									<for-each current="contextElement">
										<in><select ns="http://www.xbrl.org/2003/instance" name="segment"><ref name="entity"/></select></in>
										<do>
											<select ns="http://xbrl.org/2006/xbrldi" name="typedMember"><ref name="contextElement"/></select>
										</do>
									</for-each>
								</do>
							</for-each>
							<ref name="ExpectedDimensionsForTypedMemberSegment"/>
						</bind>
					</call>
					<call ns="core" name="logical-or">
						<!-- explicit (scenario) -->
						<bind name="HasUnexpectedDimensions">
							<for-each current="contextElement">
								<in><select ns="http://www.xbrl.org/2003/instance" name="scenario"><ref name="ctx"/></select></in>
								<do>
									<select ns="http://xbrl.org/2006/xbrldi" name="explicitMember"><ref name="contextElement"/></select>
								</do>
							</for-each>
							<ref name="ExpectedDimensionsForExplicitMemberScenario"/>
						</bind>
						<!-- typed (scenario) -->
						<bind name="HasUnexpectedDimensions">
							<for-each current="contextElement">
								<in><select ns="http://www.xbrl.org/2003/instance" name="scenario"><ref name="ctx"/></select></in>
								<do>
									<select ns="http://xbrl.org/2006/xbrldi" name="typedMember"><ref name="contextElement"/></select>
								</do>
							</for-each>
							<ref name="ExpectedDimensionsForTypedMemberScenario"/>
						</bind>
				  </call>
			  </call>
		  </body>
		</lambda>

		<!-- actual FilterContextForHypercube -->
		<call ns="core" name="logical-and">
			<bind name="HasAllRequiredDimensions">
				<ref name="context"/>
			</bind>
			<call ns="core" name="logical-not">
				<bind name="HasAnyUnexpectedDimensions">
					<ref name="context"/>
				</bind>
			</call>
		</call>
	</FilterContextForHypercube>

	<postprocess hidden="true">
		<!-- input: input (the result of the mapping) -->
		<!-- remove footnotes and write the rest -->
		<for-each current="maybeconcept">
			<in><ref name="input"/></in>
			<do>
				<if>
					<cond>
						<node-kind-test kind="element">
							<ref name="maybeconcept"/>
						</node-kind-test>
					</cond>
					<then>
						<shallow-copy>
							<source>
								<ref name="maybeconcept"/>
							</source>
							<content>
								<for-each current="attributes"><in><select-attributes><ref name="maybeconcept"/></select-attributes>
									</in>
									<do>
										<ref name="attributes"/>
									</do>
								</for-each>
								<for-each current="maybefootnote"><in><select-children><ref name="maybeconcept"/></select-children>
									</in>
									<do>
										<if>
											<cond>
												<node-test ns="http://www.altova.com/mapforce" name="footnote">
													<ref name="maybefootnote"/>
												</node-test>
											</cond>
											<then>
												<!-- here the footnote is not written -->
											</then>
											<else>
												<ref name="maybefootnote"/>
											</else>
										</if>
									</do>
								</for-each>
							</content>
						</shallow-copy>
					</then>
					<else>
						<ref name="maybeconcept"/>
					</else>
				</if>
			</do>
		</for-each>
					
		<expr label="footnotes">
			<!-- extract footnote texts -->
			<for-each current="maybeconcept">
				<in>
					<ref name="input"/>
				</in>
				<do>
					<if>
						<cond>
							<node-kind-test kind="element">
								<ref name="maybeconcept"/>
							</node-kind-test>
						</cond>
						<then>
							<for-each current="maybefootnote"><in><select-children><ref name="maybeconcept"/></select-children>
								</in>
								<do>
									<if>
										<cond>
											<node-test ns="http://www.altova.com/mapforce" name="footnote">
												<ref name="maybefootnote"/>
											</node-test>
										</cond>
										<then>
											<call ns="core" name="concat">
												<call ns="core" name="first" type="string"> 
													<for-each current="langattr">
                            <in>
                              <treat minOccurs="1">
                                <select ns="http://www.w3.org/XML/1998/namespace" name="lang" kind="attribute">
                                  <ref name="maybefootnote"/>
                                </select>
                              </treat>
                            </in>
														<do>
															<cast type="string"><ref name="langattr"/></cast>
														</do>
													</for-each>
												</call>
												<call ns="core" name="concat">
													<const value="||"/>
													<cast type="string"><ref name="maybefootnote"/></cast>
												</call>
											</call>
										</then>
									</if>
								</do>
							</for-each>
						</then>
					</if>
				</do>
			</for-each>
		</expr>
	
		<expr label="distinct-footnotes">
			<!-- make them distinct -->
			<call ns="core" name="distinct-values" type="ZeroOrMore string">
				<ref name="footnotes"/>
			</call>
		</expr>
	
		<!-- create xlinks -->
		<for-each current="footnotestring"><in><ref name="distinct-footnotes"/></in>
			<do>
				<!-- one xlink per distinct footnote -->
				<create ns="http://www.xbrl.org/2003/linkbase" name="link:footnoteLink">
					<create kind="attribute" ns="http://www.w3.org/1999/xlink" name="xlink:type"><const value="extended"/></create>
					<create kind="attribute" ns="http://www.w3.org/1999/xlink" name="xlink:role"><const value="http://www.xbrl.org/2003/role/link"/></create>
				
					<!-- resource for footnote -->
					<create ns="http://www.xbrl.org/2003/linkbase" name="link:footnote">
						<create kind="attribute" ns="http://www.w3.org/1999/xlink" name="xlink:type"><const value="resource"/></create>
						<create kind="attribute" ns="http://www.w3.org/1999/xlink" name="xlink:label"><const value="footnote1"/></create>
						<create kind="attribute" ns="http://www.w3.org/1999/xlink" name="xlink:role"><const value="http://www.xbrl.org/2003/role/footnote"/></create>
						<create kind="attribute" ns="http://www.w3.org/XML/1998/namespace" name="lang">
							<call ns="core" name="substring-before">
								<ref name="footnotestring"/>
								<const value="||"/>
							</call>
						</create>
						<call ns="core" name="substring-after">
							<ref name="footnotestring"/>
							<const value="||"/>
						</call>
					</create>
					
					<!-- locators for related facts to this footnote -->
					<for-each current="maybeconcept">
						<in>
							<ref name="input"/>
						</in>
						<do>
							<if>
								<cond>
									<node-kind-test kind="element">
										<ref name="maybeconcept"/>
									</node-kind-test>
								</cond>
								<then>
									<for-each current="maybefootnote"><in><select-children><ref name="maybeconcept"/></select-children></in>
										<do>
											<if>
												<cond>
													<node-test ns="http://www.altova.com/mapforce" name="footnote">
														<ref name="maybefootnote"/>
													</node-test>
												</cond>
												<then>
													<if>
														<cond>
															<call ns="core" name="equal">
																<ref name="footnotestring"/>
																<call ns="core" name="concat">
																	<call ns="core" name="first" type="string"> 
																		<for-each current="langattr">
                                      <in>
                                        <treat minOccurs="1">
                                          <select ns="http://www.w3.org/XML/1998/namespace" name="lang" kind="attribute">
                                            <ref name="maybefootnote"/>
                                          </select>
                                        </treat>
                                      </in>
																			<do>
																				<cast type="string"><ref name="langattr"/></cast>
																			</do>
																		</for-each>
																	</call>
																	<call ns="core" name="concat">
																		<const value="||"/>
																		<cast type="string"><ref name="maybefootnote"/></cast>
																	</call>
																</call>
															</call>
														</cond>
														<then>
															<create ns="http://www.xbrl.org/2003/linkbase" name="link:loc">
																<create kind="attribute" ns="http://www.w3.org/1999/xlink" name="xlink:type"><const value="locator"/></create>
																<create kind="attribute" ns="http://www.w3.org/1999/xlink" name="xlink:label"><const value="fact1"/></create>
																<create kind="attribute" ns="http://www.w3.org/1999/xlink" name="xlink:href">
																	<call ns="core" name="concat">
																		<const value="#"/>
																		<call ns="core" name="first" type="string"> 
																			<for-each current="conceptid">
                                        <in>
                                          <treat minOccurs="1">
                                            <select ns="" name="id" kind="attribute">
                                              <ref name="maybeconcept"/>
                                            </select>
                                          </treat>
                                        </in>
																				<do>
																					<cast type="string">
																						<ref name="conceptid"/>
																					</cast>
																				</do>
																			</for-each>
																		</call>
																	</call>
																</create> <!-- href -->
															</create> <!-- loc -->
														</then>
													</if>
												</then> <!-- footnote test -->
											</if>
										</do>
									</for-each>
								</then>	<!-- element test -->
							</if>
						</do>
					</for-each> <!-- maybeconcept -->
					
					<!-- the arc -->
					<create ns="http://www.xbrl.org/2003/linkbase" name="link:footnoteArc">
						<create kind="attribute" ns="http://www.w3.org/1999/xlink" name="xlink:type"><const value="arc"/></create>
						<create kind="attribute" ns="http://www.w3.org/1999/xlink" name="xlink:from"><const value="fact1"/></create>
						<create kind="attribute" ns="http://www.w3.org/1999/xlink" name="xlink:to"><const value="footnote1"/></create>
						<create kind="attribute" ns="http://www.w3.org/1999/xlink" name="xlink:arcrole">
							<const value="http://www.xbrl.org/2003/arcrole/fact-footnote"/>
						</create>
					</create>
					
				</create>
			</do>
		</for-each>
	</postprocess>
</root>
